,ID,eth
0,HG00315,FIN
1,HG00327,FIN
2,HG00334,FIN
3,HG00339,FIN
4,HG00341,FIN
5,HG00346,FIN
6,HG00353,FIN
7,HG00358,FIN
8,HG00360,FIN
9,HG00365,FIN
10,HG00372,FIN
11,HG00377,FIN
12,HG00384,FIN
13,HG00404,CHS
14,HG00409,CHS
15,HG00106,GBR
16,HG00113,GBR
17,HG00118,GBR
18,HG00120,GBR
19,HG00125,GBR
20,HG00132,GBR
21,HG00137,GBR
23,HG00149,GBR
24,HG00151,GBR
25,HG00156,GBR
26,HG00182,FIN
27,HG00187,FIN
28,HG00233,GBR
29,HG00238,GBR
30,HG00240,GBR
31,HG00245,GBR
32,HG00252,GBR
33,HG00257,GBR
34,HG00264,GBR
35,HG00269,FIN
36,HG00271,FIN
37,HG00276,FIN
38,HG00288,FIN
39,HG00290,FIN
40,HG00303,FIN
41,HG00308,FIN
42,HG00310,FIN
43,HG00097,GBR
45,HG00100,GBR
46,HG00101,GBR
47,HG00105,GBR
48,HG00112,GBR
49,HG00428,CHS
50,HG00117,GBR
51,HG00442,CHS
53,HG00129,GBR
54,HG00131,GBR
55,HG00473,CHS
56,HG00136,GBR
57,HG00478,CHS
58,HG00143,GBR
59,HG00148,GBR
60,HG00500,CHS
61,HG00150,GBR
63,HG00155,GBR
64,HG00524,CHS
65,HG00174,FIN
66,HG00531,CHS
67,HG00179,FIN
68,HG00536,CHS
69,HG00181,FIN
71,HG00186,FIN
72,HG00232,GBR
73,HG00740,PUR
74,HG00237,GBR
75,HG00978,CDX
76,HG00244,GBR
77,HG00319,FIN
78,HG01197,PUR
79,HG00321,FIN
80,HG01200,PUR
81,HG00326,FIN
82,HG01205,PUR
83,HG00338,FIN
84,HG00345,FIN
85,HG01248,PUR
86,HG00357,FIN
87,HG01250,CLM
88,HG00364,FIN
89,HG00369,FIN
91,HG00371,FIN
92,HG00376,FIN
93,HG00620,CHS
94,HG00383,FIN
95,HG00625,CHS
96,HG00403,CHS
97,HG00632,CHS
98,HG00637,PUR
99,HG00410,CHS
100,HG00651,CHS
101,HG00422,CHS
102,HG00656,CHS
103,HG00542,CHS
104,HG00663,CHS
105,HG00554,PUR
106,HG00543,CHS
107,HG00559,CHS
108,HG00566,CHS
110,HG00581,CHS
111,HG00580,CHS
112,HG00593,CHS
113,HG00598,CHS
114,HG00592,CHS
115,HG00613,CHS
116,HG01077,PUR
118,HG01089,PUR
119,HG00446,CHS
120,HG01104,PUR
121,HG00458,CHS
122,HG01111,PUR
123,HG00472,CHS
124,HG00675,CHS
125,HG00530,CHS
126,HG00699,CHS
127,HG00732,PUR
129,HG00737,PUR
130,HG00707,CHS
131,HG00864,CDX
132,HG01130,CLM
133,HG00249,GBR
134,HG00251,GBR
135,HG01142,CLM
136,HG00256,GBR
137,HG01161,PUR
138,HG00263,GBR
139,HG01173,PUR
140,HG00268,FIN
141,HG00270,FIN
142,HG01046,CDX
143,HG00275,FIN
144,HG00282,FIN
145,HG01058,PUR
146,HG00302,FIN
147,HG01060,PUR
148,HG01072,PUR
150,HG00629,CHS
151,HG01488,CLM
152,HG00631,CHS
153,HG01495,CLM
154,HG00650,CHS
155,HG01503,IBS
156,HG00662,CHS
157,HG01565,PEL
158,HG00674,CHS
159,HG01572,PEL
160,HG00693,CHS
161,HG01577,PEL
162,HG00698,CHS
163,HG01589,PJL
164,HG00701,CHS
165,HG01596,KHV
166,HG01351,CLM
167,HG01052,PUR
168,HG01356,CLM
169,HG01064,PUR
170,HG01363,CLM
171,HG01069,PUR
172,HG01375,CLM
173,HG01191,PUR
174,HG01402,PUR
175,HG01204,PUR
176,HG01414,PUR
177,HG01242,PUR
178,HG01247,PUR
179,HG01438,CLM
180,HG01254,CLM
181,HG01440,CLM
182,HG01259,CLM
183,HG01281,CLM
184,HG01286,PUR
186,HG01325,PUR
187,HG01280,CLM
188,HG01344,CLM
189,HG01083,PUR
190,HG01088,PUR
191,HG01095,PUR
192,HG01623,IBS
193,HG01108,PUR
194,HG01110,PUR
196,HG01122,CLM
197,HG01350,CLM
198,HG01464,CLM
199,HG01471,CLM
200,HG01362,CLM
201,HG01628,IBS
202,HG01630,IBS
203,HG01374,CLM
204,HG01673,IBS
205,HG01678,IBS
206,HG01393,PUR
207,HG01680,IBS
208,HG01134,CLM
209,HG01510,IBS
210,HG01139,CLM
211,HG01515,IBS
212,HG01522,IBS
213,HG01527,IBS
214,HG01177,PUR
215,HG01894,ACB
216,HG01914,ACB
218,HG01921,PEL
219,HG01868,KHV
220,HG01494,CLM
221,HG01870,KHV
222,HG01882,ACB
223,HG01507,IBS
224,HG01926,PEL
225,HG01305,PUR
226,HG01933,PEL
227,HG01312,PUR
228,HG01938,PEL
229,HG01945,PEL
230,HG01348,CLM
231,HG01398,PUR
232,HG01413,PUR
233,HG01762,IBS
234,HG01432,CLM
235,HG01767,IBS
236,HG01437,CLM
237,HG01444,CLM
238,HG01779,IBS
239,HG01456,CLM
240,HG01781,IBS
241,HG01786,IBS
242,HG01468,CLM
243,HG01519,IBS
244,HG01971,PEL
245,HG01521,IBS
246,HG01685,IBS
247,HG01697,IBS
248,HG01700,IBS
249,HG01705,IBS
250,HG01571,PEL
251,HG01844,KHV
252,HG01583,PJL
253,HG01849,KHV
255,HG01851,KHV
256,HG01595,KHV
257,HG01863,KHV
258,HG01867,KHV
259,HG01798,CDX
260,HG01874,KHV
261,HG01801,CDX
262,HG01879,ACB
263,HG01806,CDX
264,HG01813,CDX
265,HG01886,ACB
266,HG02006,PEL
267,HG01709,IBS
268,HG02013,ACB
269,HG01747,IBS
270,HG02020,KHV
271,HG01761,IBS
272,HG01976,PEL
273,HG01766,IBS
275,HG01773,IBS
276,HG01988,ACB
277,HG01603,IBS
278,HG01990,ACB
279,HG01608,IBS
281,HG01610,IBS
282,HG02025,KHV
283,HG01615,IBS
284,HG02032,KHV
285,HG02049,KHV
286,HG02051,ACB
287,HG02082,KHV
288,HG02087,KHV
289,HG01785,IBS
290,HG02102,PEL
291,HG01797,CDX
292,HG02107,ACB
293,HG01684,IBS
294,HG02152,CDX
295,HG01704,IBS
296,HG02164,CDX
297,HG01843,KHV
298,HG02169,CDX
299,HG01848,KHV
300,HG02121,KHV
301,HG01850,KHV
302,HG01855,KHV
303,HG02133,KHV
304,HG01862,KHV
305,HG02138,KHV
306,HG01672,IBS
307,HG02140,KHV
308,HG01800,CDX
309,HG01805,CDX
310,HG02239,IBS
311,HG01812,CDX
312,HG02253,PEL
313,HG01817,CDX
314,HG02079,KHV
315,HG02081,KHV
316,HG02070,KHV
317,HG02086,KHV
318,HG02075,KHV
319,HG02176,CDX
320,HG02188,CDX
321,HG01951,PEL
322,HG02190,CDX
323,HG01956,ACB
324,HG02215,GBR
325,HG01968,PEL
326,HG01970,PEL
327,HG02568,GWD
329,HG02570,GWD
330,HG02029,KHV
331,HG02031,KHV
332,HG02582,GWD
333,HG02048,KHV
334,HG02050,KHV
335,HG02594,GWD
336,HG02067,KHV
337,HG02429,ACB
338,HG02436,ACB
339,HG01932,PEL
340,HG02450,ACB
341,HG02455,ACB
342,HG01944,PEL
343,HG02462,GWD
344,HG01982,PEL
345,HG02260,PEL
346,HG02265,PEL
347,HG02113,KHV
348,HG02272,PEL
349,HG02277,PEL
350,HG02479,ACB
351,HG02137,KHV
352,HG02481,ACB
353,HG01893,PEL
354,HG02493,PJL
355,HG01918,PEL
356,HG02501,ACB
357,HG01920,PEL
358,HG02513,KHV
359,HG02012,ACB
361,HG02017,KHV
362,HG02537,ACB
363,HG02549,ACB
364,HG02442,ACB
365,HG02284,ACB
366,HG02461,GWD
367,HG02291,PEL
368,HG02304,PEL
369,HG02170,CDX
370,HG02309,ACB
371,HG02182,CDX
372,HG02187,CDX
373,HG02323,ACB
374,HG02219,IBS
375,HG02330,ACB
376,HG02221,IBS
378,HG02283,ACB
379,HG02373,CDX
381,HG02380,CDX
382,HG02385,CDX
383,HG02308,ACB
384,HG02392,CDX
385,HG02353,CDX
386,HG02397,CDX
387,HG02358,CDX
388,HG02405,CDX
389,HG02360,CDX
390,HG02789,PJL
393,HG02804,GWD
394,HG02384,CDX
395,HG02144,ACB
396,HG02811,GWD
397,HG02151,CDX
398,HG02816,GWD
399,HG02156,CDX
400,HG02854,GWD
401,HG02168,CDX
402,HG02861,GWD
403,HG02233,IBS
404,HG02878,GWD
405,HG02238,IBS
406,HG02885,GWD
407,HG02252,PEL
408,HG02271,PEL
409,HG02974,ESN
410,HG02315,ACB
411,HG02979,ESN
412,HG02322,ACB
413,HG02981,ESN
414,HG02334,ACB
415,HG03009,BEB
416,HG02339,ACB
417,HG03016,PJL
418,HG02389,CDX
419,HG02391,CDX
420,HG02734,PJL
421,HG02396,CDX
422,HG02409,CDX
423,HG02760,GWD
424,HG02733,PJL
425,HG02772,GWD
426,HG02784,PJL
427,HG02757,GWD
428,HG02690,PJL
429,HG02703,GWD
430,HG02769,GWD
431,HG02715,GWD
432,HG02771,GWD
433,HG02722,GWD
434,HG02727,PJL
435,HG02783,PJL
436,HG03028,GWD
437,HG02562,GWD
439,HG02574,GWD
440,HG03054,MSL
441,HG02586,GWD
442,HG02601,PJL
443,HG03061,MSL
444,HG02657,PJL
445,HG02790,PJL
446,HG02676,GWD
447,HG02808,GWD
448,HG02810,GWD
449,HG02688,PJL
450,HG02614,GWD
451,HG02839,GWD
452,HG02621,GWD
453,HG02645,GWD
454,HG02652,PJL
455,HG02860,GWD
456,HG02943,ESN
457,HG02884,GWD
458,HG03066,MSL
459,HG02891,GWD
460,HG03073,MSL
461,HG02896,GWD
462,HG03078,MSL
463,HG02923,ESN
465,HG03085,MSL
466,HG03097,MSL
467,HG02485,ACB
469,HG02497,ACB
470,HG03268,ESN
471,HG02505,ACB
472,HG03270,ESN
473,HG03294,ESN
474,HG03100,ESN
475,HG02675,GWD
476,HG03105,ESN
477,HG02682,PJL
478,HG03112,ESN
479,HG02687,PJL
480,HG03117,ESN
481,HG02613,GWD
482,HG03352,ESN
483,HG02620,GWD
484,HG03369,ESN
485,HG03376,MSL
486,HG02649,PJL
488,HG02651,PJL
489,HG03388,MSL
490,HG02694,PJL
491,HG02699,PJL
493,HG02702,GWD
494,HG03410,MSL
495,HG02721,GWD
496,HG03198,ESN
497,HG03225,MSL
498,HG02512,KHV
499,HG03237,PJL
501,HG03124,ESN
502,HG02536,ACB
503,HG03129,ESN
504,HG02555,ACB
505,HG03027,GWD
506,HG03136,ESN
508,HG03039,GWD
510,HG03046,GWD
511,HG03162,ESN
512,HG03058,MSL
513,HG03060,MSL
514,HG03193,ESN
515,HG03072,MSL
516,HG03077,MSL
517,HG03624,PJL
518,HG03084,MSL
519,HG03629,PJL
520,HG03091,MSL
521,HG03631,PJL
522,HG03096,MSL
523,HG03636,PJL
524,HG03698,STU
526,HG03267,ESN
527,HG03706,PJL
528,HG03279,ESN
529,HG03713,ITU
530,HG03491,PJL
531,HG03511,ESN
532,HG03212,MSL
533,HG03224,MSL
534,HG03460,MSL
535,HG03229,PJL
536,HG03472,MSL
537,HG02973,ESN
538,HG03484,MSL
539,HG03439,MSL
540,HG03446,MSL
541,HG03015,PJL
542,HG03022,PJL
543,HG03458,MSL
544,HG03123,ESN
545,HG03643,STU
547,HG03130,ESN
548,HG03667,PJL
549,HG03135,ESN
550,HG03578,MSL
551,HG03159,ESN
552,HG03585,BEB
553,HG03600,BEB
554,HG03109,ESN
555,HG03679,STU
556,HG03111,ESN
557,HG03681,STU
558,HG03686,STU
559,HG03693,STU
560,HG02947,ESN
561,HG03547,MSL
562,HG03559,MSL
564,HG03718,ITU
565,HG03166,ESN
566,HG03720,ITU
568,HG03539,GWD
569,HG03744,STU
570,HG03558,MSL
571,HG03821,BEB
572,HG03565,MSL
573,HG03826,BEB
574,HG03572,MSL
575,HG03833,BEB
576,HG03577,MSL
577,HG03838,STU
578,HG03589,BEB
580,HG03934,BEB
581,HG03604,BEB
582,HG03488,PJL
583,HG03941,BEB
584,HG03490,PJL
585,HG03953,STU
587,HG03960,ITU
588,HG03515,ESN
589,HG03908,BEB
590,HG03433,MSL
591,HG03910,BEB
592,HG03445,MSL
593,HG03922,BEB
594,HG03452,MSL
595,HG03457,MSL
597,HG03802,BEB
598,HG03351,ESN
599,HG03363,ESN
600,HG03814,BEB
601,HG03775,ITU
602,HG03370,ESN
603,HG03782,ITU
604,HG03382,MSL
605,HG03787,ITU
606,HG03394,MSL
608,HG03756,STU
609,HG03419,MSL
610,HG03770,ITU
611,HG03464,MSL
612,HG03469,MSL
613,HG03888,STU
614,HG03890,STU
615,HG03476,MSL
616,HG03895,STU
617,HG03298,ESN
618,HG03857,STU
619,HG03301,ESN
620,HG03864,ITU
622,HG03869,ITU
623,HG03313,ESN
624,HG03871,ITU
625,HG03611,BEB
626,HG03616,BEB
627,HG04235,ITU
628,NA06984,CEU
629,HG03697,STU
630,NA06989,CEU
632,HG03705,PJL
633,HG03717,ITU
634,HG03774,ITU
635,HG04090,ITU
636,HG03779,ITU
637,HG03781,ITU
638,HG03786,ITU
640,HG03793,BEB
641,HG04134,BEB
642,HG03832,BEB
643,HG03837,STU
644,HG03844,STU
645,HG03750,STU
646,HG04141,BEB
647,HG03755,STU
648,HG04146,BEB
649,HG03762,PJL
650,HG04153,BEB
651,HG03767,PJL
652,HG04158,BEB
653,HG03849,STU
654,HG03851,STU
655,HG03856,STU
656,HG04209,ITU
657,HG03863,ITU
658,HG04211,ITU
659,HG03868,ITU
660,HG04216,ITU
661,HG03870,ITU
662,HG04177,BEB
663,HG03673,STU
664,HG03680,STU
665,HG04189,BEB
666,HG03685,STU
668,HG03692,STU
669,HG03965,ITU
670,HG03642,STU
672,HG03977,ITU
673,HG03989,STU
674,HG03991,STU
676,HG04038,STU
677,HG03729,ITU
678,HG04076,ITU
679,HG03731,ITU
680,HG04002,ITU
681,HG03736,STU
682,HG04014,ITU
683,HG03743,STU
684,HG04019,ITU
685,HG04094,ITU
686,HG04026,ITU
687,HG04099,STU
688,HG04033,STU
689,HG04107,STU
690,NA12878,CEU
694,NA18489,YRI
695,HG04056,ITU
696,NA18504,YRI
697,HG04063,ITU
698,HG04070,ITU
699,NA18511,YRI
700,HG04075,STU
701,NA18516,YRI
702,HG03875,ITU
703,NA18523,YRI
704,HG03882,ITU
705,NA18528,CHB
706,HG03887,STU
707,NA18530,CHB
708,HG03894,STU
709,NA18535,CHB
710,HG03899,STU
711,NA18542,CHB
712,HG03969,ITU
713,NA18547,CHB
714,HG03971,ITU
715,NA18559,CHB
716,HG03976,ITU
717,NA18561,CHB
719,NA18566,CHB
720,HG03990,STU
721,NA18573,CHB
722,HG03995,STU
723,NA18592,CHB
724,HG03902,BEB
725,NA18597,CHB
726,HG03907,BEB
727,NA18605,CHB
728,HG03914,BEB
729,NA18612,CHB
730,HG03919,BEB
731,NA18617,CHB
732,HG03926,BEB
733,NA18624,CHB
734,HG04164,BEB
735,NA18629,CHB
736,HG04171,BEB
737,NA18631,CHB
738,HG04176,BEB
739,NA18636,CHB
740,HG04183,BEB
741,NA18643,CHB
742,HG04188,BEB
743,NA18648,CHB
744,HG04001,ITU
745,NA18908,YRI
746,HG04006,STU
747,NA18910,YRI
748,HG04018,ITU
749,NA18915,YRI
750,HG04020,ITU
751,NA18934,YRI
752,HG04025,ITU
753,NA18939,JPT
754,HG04140,BEB
755,NA18941,JPT
756,HG04152,BEB
757,NA18946,JPT
758,NA18953,JPT
759,HG03940,BEB
760,NA18960,JPT
761,HG03945,STU
762,NA18965,JPT
763,NA18534,CHB
764,NA18539,CHB
765,NA18541,CHB
766,NA18546,CHB
767,NA11832,CEU
768,NA18553,CHB
769,NA18558,CHB
770,NA11894,CEU
771,NA18560,CHB
772,NA11919,CEU
773,NA18565,CHB
774,NA11933,CEU
775,NA18572,CHB
776,NA11995,CEU
777,NA18577,CHB
778,NA12006,CEU
779,NA18591,CHB
780,NA12044,CEU
781,NA18596,CHB
782,NA18609,CHB
783,NA18611,CHB
784,NA12234,CEU
785,NA18616,CHB
786,NA18623,CHB
787,NA12272,CEU
788,NA18628,CHB
789,NA18630,CHB
790,NA12342,CEU
791,NA18635,CHB
792,NA12347,CEU
793,NA18642,CHB
794,NA12400,CEU
795,NA18647,CHB
796,NA12760,CEU
797,NA11829,CEU
798,NA12777,CEU
799,NA11831,CEU
800,NA12828,CEU
801,NA11843,CEU
802,NA12830,CEU
803,NA11881,CEU
804,NA12842,CEU
805,NA11893,CEU
806,NA12873,CEU
807,NA11918,CEU
808,NA19026,LWK
809,NA11920,CEU
810,NA19038,LWK
811,NA11932,CEU
812,NA19057,JPT
813,NA11994,CEU
814,NA19064,JPT
815,NA12005,CEU
816,NA19076,JPT
817,NA19083,JPT
818,NA12889,CEU
819,NA19088,JPT
821,NA19090,JPT
822,NA18488,YRI
823,NA19095,YRI
824,NA18749,CHB
825,NA18508,YRI
827,NA18510,YRI
828,NA18522,YRI
829,NA18864,YRI
830,NA18527,CHB
831,NA18871,YRI
832,NA18876,YRI
833,NA18972,JPT
834,NA12776,CEU
835,NA18977,JPT
836,NA12815,CEU
837,NA18984,JPT
838,NA12827,CEU
839,NA18989,JPT
840,NA18991,JPT
841,NA12872,CEU
842,NA19002,JPT
843,NA12043,CEU
844,NA19007,JPT
845,NA12144,CEU
846,NA19019,LWK
847,NA12156,CEU
848,NA19153,YRI
849,NA19160,YRI
850,NA12283,CEU
851,NA19172,YRI
852,NA12341,CEU
853,NA19184,YRI
854,NA07037,CEU
855,NA19189,YRI
856,NA07051,CEU
857,NA07056,CEU
858,NA07347,CEU
859,NA19204,YRI
860,NA19209,YRI
861,NA19350,LWK
862,NA18748,CHB
863,NA19355,LWK
864,NA18856,YRI
865,NA19374,LWK
866,NA19379,LWK
867,NA18868,YRI
869,NA18870,YRI
870,NA19393,LWK
871,NA19398,LWK
872,HG04222,ITU
873,NA19401,LWK
874,HG04227,STU
875,HG04239,ITU
876,NA19437,LWK
878,HG04195,BEB
879,NA19449,LWK
880,NA19451,LWK
881,HG04210,STU
882,NA19456,LWK
883,NA19463,LWK
884,NA19037,LWK
885,NA19468,LWK
886,NA19044,LWK
888,NA19056,JPT
889,NA19475,LWK
890,NA19063,JPT
891,NA19068,JPT
892,NA19658,MXL
893,NA19070,JPT
895,NA19075,JPT
896,NA19082,JPT
897,NA19087,JPT
898,NA19684,MXL
899,NA19099,YRI
900,NA19704,ASW
901,NA19222,YRI
902,NA19711,ASW
903,NA19239,YRI
904,NA19716,MXL
905,NA19723,MXL
906,NA19309,LWK
907,NA19728,MXL
909,NA19316,LWK
910,NA19735,MXL
911,NA19323,LWK
912,NA19785,MXL
913,NA19328,LWK
914,NA19792,MXL
915,NA19347,LWK
917,NA19359,LWK
919,NA19901,ASW
920,NA19378,LWK
921,NA19913,ASW
922,NA19380,LWK
923,NA19385,LWK
924,NA19920,ASW
925,NA19397,LWK
926,NA19982,ASW
927,NA19429,LWK
928,NA19223,YRI
929,NA19431,LWK
930,NA19235,YRI
931,NA19436,LWK
932,NA19247,YRI
933,NA19443,LWK
934,NA19448,LWK
935,NA19312,LWK
936,NA18907,YRI
937,NA19317,LWK
938,NA19324,LWK
939,NA18933,YRI
940,NA19331,LWK
941,NA18940,JPT
942,NA18945,JPT
943,NA19108,YRI
944,NA18952,JPT
945,NA18957,JPT
946,NA18964,JPT
947,NA18969,JPT
948,NA18971,JPT
949,NA19141,YRI
950,NA18976,JPT
951,NA19146,YRI
952,NA18983,JPT
953,NA18988,JPT
954,NA19747,MXL
955,NA18990,JPT
956,NA18995,JPT
957,NA19759,MXL
958,NA19001,JPT
959,NA19761,MXL
960,NA19006,JPT
961,NA19020,LWK
962,NA19773,MXL
963,NA19025,LWK
964,NA19152,YRI
965,NA19780,MXL
966,NA19171,YRI
967,NA20282,ASW
968,NA19190,YRI
969,NA20287,ASW
970,NA20294,ASW
971,NA20299,ASW
972,NA19210,YRI
973,NA20314,ASW
974,NA19455,LWK
975,NA19462,LWK
976,NA20504,TSI
977,NA19467,LWK
978,NA20509,TSI
979,NA19474,LWK
980,NA20511,TSI
981,NA19652,MXL
982,NA20516,TSI
983,NA19657,MXL
984,NA20528,TSI
985,NA19664,MXL
986,NA20530,TSI
987,NA19669,MXL
988,NA20535,TSI
989,NA20542,TSI
990,NA19102,YRI
991,NA20585,TSI
992,NA19107,YRI
993,NA20756,TSI
994,NA19114,YRI
995,NA20763,TSI
996,NA19119,YRI
997,NA20768,TSI
998,NA19121,YRI
999,NA20770,TSI
1000,NA19138,YRI
1001,NA20775,TSI
1002,NA20787,TSI
1003,NA20799,TSI
1004,NA19676,MXL
1005,NA20802,TSI
1006,NA20807,TSI
1007,NA19703,ASW
1008,NA20814,TSI
1009,NA20819,TSI
1010,NA19722,MXL
1011,NA20821,TSI
1012,NA20826,TSI
1013,NA19734,MXL
1014,NA20845,GIH
1015,NA20503,TSI
1016,NA21141,GIH
1017,NA20508,TSI
1018,NA20510,TSI
1019,NA20515,TSI
1020,NA20321,ASW
1021,NA20522,TSI
1022,NA20527,TSI
1023,NA20340,ASW
1024,NA20534,TSI
1025,NA20539,TSI
1026,NA20357,ASW
1027,NA20541,TSI
1028,NA20895,GIH
1029,NA20589,TSI
1030,NA20903,GIH
1031,NA20755,TSI
1032,NA20908,GIH
1033,NA20910,GIH
1034,NA19789,MXL
1035,NA21088,GIH
1036,NA20852,GIH
1037,NA20864,GIH
1038,NA19835,ASW
1039,NA20869,GIH
1040,NA19900,ASW
1042,NA21108,GIH
1043,NA19917,ASW
1044,NA21110,GIH
1045,NA21115,GIH
1046,NA20762,TSI
1047,NA21122,GIH
1048,NA20767,TSI
1049,NA21127,GIH
1050,NA20774,TSI
1051,NA20876,GIH
1052,NA20786,TSI
1053,NA20883,GIH
1054,NA20798,TSI
1055,NA20888,GIH
1056,NA20801,TSI
1057,NA20890,GIH
1058,NA20806,TSI
1059,NA21090,GIH
1060,NA20813,TSI
1061,NA21095,GIH
1062,NA20818,TSI
1063,NA21103,GIH
1064,NA20832,TSI
1065,NA20274,ASW
1066,NA20281,ASW
1067,NA20298,ASW
1069,NA20318,ASW
1070,NA20320,ASW
1071,NA20332,ASW
1073,NA20351,ASW
1074,NA20356,ASW
1075,NA19741,MXL
1076,NA19746,MXL
1077,NA19758,MXL
1078,NA19777,MXL
1079,NA20849,GIH
1080,NA20851,GIH
1081,NA20856,GIH
1082,NA20863,GIH
1083,NA20868,GIH
1084,NA20870,GIH
1085,NA20894,GIH
1086,NA20899,GIH
1087,NA20902,GIH
1088,NA21087,GIH
1089,NA20875,GIH
1090,NA20882,GIH
1091,NA20887,GIH
1092,NA21133,GIH
1093,NA21114,GIH
1094,NA21119,GIH
1095,NA21121,GIH
1096,NA21126,GIH
1097,NA21094,GIH
1098,NA21099,GIH
1099,NA21102,GIH
1100,NA21107,GIH
1101,HG00104,GBR
1102,HG00109,GBR
1103,HG00111,GBR
1104,HG00116,GBR
1105,HG00123,GBR
1106,HG00128,GBR
1107,HG00130,GBR
1108,HG00135,GBR
1109,HG00142,GBR
1111,HG00154,GBR
1112,HG00159,GBR
1113,HG00173,FIN
1114,HG00178,FIN
1115,HG00152,GBR
1116,HG00180,FIN
1117,HG00157,GBR
1118,HG00185,FIN
1119,HG00171,FIN
1120,HG00231,GBR
1121,HG00176,FIN
1122,HG00236,GBR
1123,HG00183,FIN
1124,HG00243,GBR
1125,HG00188,FIN
1126,HG00318,FIN
1127,HG00190,FIN
1128,HG00320,FIN
1129,HG00234,GBR
1130,HG00325,FIN
1131,HG00239,GBR
1132,HG00332,FIN
1133,HG00246,GBR
1134,HG00337,FIN
1135,HG00253,GBR
1136,HG00344,FIN
1137,HG00258,GBR
1138,HG00349,FIN
1139,HG00260,GBR
1140,HG00351,FIN
1141,HG00265,GBR
1142,HG00356,FIN
1143,HG00272,FIN
1144,HG00368,FIN
1145,HG00277,FIN
1146,HG00375,FIN
1147,HG00284,FIN
1148,HG00382,FIN
1149,HG00479,CHS
1150,HG00407,CHS
1152,HG00419,CHS
1153,HG00513,CHS
1154,HG00421,CHS
1155,HG00525,CHS
1156,HG00553,PUR
1157,HG00537,CHS
1158,HG00560,CHS
1159,HG00565,CHS
1160,HG00551,PUR
1162,HG00556,CHS
1163,HG00584,CHS
1164,HG00589,CHS
1165,HG00099,GBR
1166,HG00102,GBR
1167,HG00596,CHS
1168,HG00107,GBR
1169,HG00114,GBR
1170,HG00611,CHS
1171,HG00119,GBR
1172,HG00121,GBR
1173,HG00250,GBR
1174,HG00126,GBR
1175,HG00255,GBR
1176,HG00133,GBR
1177,HG00262,GBR
1178,HG00138,GBR
1179,HG00267,FIN
1180,HG00140,GBR
1181,HG00274,FIN
1182,HG00145,GBR
1183,HG00281,FIN
1184,HG00304,FIN
1185,HG00306,FIN
1186,HG00309,FIN
1187,HG00313,FIN
1188,HG00311,FIN
1189,HG00323,FIN
1190,HG00445,CHS
1191,HG00328,FIN
1192,HG00452,CHS
1193,HG00330,FIN
1194,HG00457,CHS
1195,HG00335,FIN
1196,HG00464,CHS
1197,HG00342,FIN
1198,HG00476,CHS
1199,HG00359,FIN
1200,HG00534,CHS
1201,HG00361,FIN
1202,HG00096,GBR
1203,HG00366,FIN
1204,HG00729,CHS
1205,HG00373,FIN
1206,HG00731,PUR
1207,HG00378,FIN
1208,HG00736,PUR
1209,HG00380,FIN
1210,HG00743,PUR
1211,HG00844,CDX
1212,HG00599,CHS
1213,HG00851,CDX
1214,HG00607,CHS
1216,HG00614,CHS
1217,HG01082,PUR
1218,HG00619,CHS
1219,HG01094,PUR
1220,HG00626,CHS
1221,HG01102,PUR
1222,HG01107,PUR
1223,HG00436,CHS
1224,HG01119,CLM
1225,HG00443,CHS
1226,HG01121,CLM
1227,HG00448,CHS
1228,HG01133,CLM
1229,HG00638,PUR
1230,HG01140,CLM
1231,HG00640,PUR
1232,HG01164,PUR
1233,HG00657,CHS
1234,HG01171,PUR
1235,HG01176,PUR
1236,HG00671,CHS
1237,HG01183,PUR
1238,HG01188,PUR
1239,HG00683,CHS
1240,HG01190,PUR
1241,HG00690,CHS
1242,HG00623,CHS
1243,HG01326,PUR
1244,HG00628,CHS
1245,HG01345,CLM
1247,HG01357,CLM
1248,HG00654,CHS
1249,HG01369,CLM
1251,HG01241,PUR
1252,HG01112,CLM
1253,HG01253,CLM
1254,HG01124,CLM
1255,HG01131,CLM
1256,HG01260,CLM
1257,HG01136,CLM
1258,HG01272,CLM
1259,HG01148,CLM
1260,HG01277,CLM
1261,HG01354,CLM
1262,HG01162,PUR
1263,HG01359,CLM
1264,HG01167,PUR
1265,HG01066,PUR
1266,HG01366,CLM
1267,HG01073,PUR
1268,HG01378,CLM
1269,HG01080,PUR
1270,HG01085,PUR
1271,HG01392,PUR
1272,HG01092,PUR
1273,HG01049,PUR
1274,HG01097,PUR
1275,HG01051,PUR
1276,HG01105,PUR
1277,HG01063,PUR
1278,HG01174,PUR
1279,HG01198,PUR
1280,HG01070,PUR
1281,HG01075,PUR
1282,HG01251,CLM
1283,HG01256,CLM
1284,HG00692,CHS
1285,HG00708,CHS
1286,HG00705,CHS
1287,HG00734,PUR
1288,HG00717,CHS
1289,HG00739,PUR
1290,HG01284,CLM
1291,HG01311,PUR
1293,HG01323,PUR
1294,HG01028,CDX
1295,HG01342,CLM
1296,HG01047,PUR
1298,HG01054,PUR
1299,HG01599,KHV
1300,HG01061,PUR
1301,HG01602,IBS
1302,HG01383,CLM
1303,HG01607,IBS
1304,HG01390,CLM
1305,HG01395,PUR
1306,HG01619,IBS
1307,HG01403,PUR
1308,HG01626,IBS
1309,HG01275,CLM
1310,HG01486,CLM
1311,HG01302,PUR
1312,HG01504,IBS
1313,HG01498,CLM
1314,HG01509,IBS
1315,HG01501,IBS
1316,HG01506,IBS
1317,HG01516,IBS
1318,HG01513,IBS
1319,HG01518,IBS
1320,HG01528,IBS
1321,HG01597,KHV
1322,HG01525,IBS
1323,HG01600,KHV
1324,HG01605,IBS
1325,HG01537,IBS
1326,HG01612,IBS
1327,HG01530,IBS
1328,HG01405,PUR
1329,HG01566,PEL
1330,HG01412,PUR
1331,HG01431,CLM
1332,HG01578,PEL
1333,HG01443,CLM
1334,HG01617,IBS
1335,HG01455,CLM
1336,HG01624,IBS
1337,HG01462,CLM
1338,HG01474,CLM
1339,HG01631,IBS
1340,HG01479,CLM
1341,HG01551,CLM
1343,HG01556,CLM
1344,HG01489,CLM
1345,HG01491,CLM
1346,HG01669,IBS
1347,HG01679,IBS
1348,HG01676,IBS
1349,HG01686,IBS
1350,HG01695,IBS
1351,HG01708,IBS
1352,HG01768,IBS
1353,HG01710,IBS
1354,HG01770,IBS
1355,HG01746,IBS
1356,HG01775,IBS
1357,HG01765,IBS
1358,HG01441,CLM
1359,HG02009,ACB
1361,HG01465,CLM
1362,HG02016,KHV
1363,HG02023,KHV
1364,HG01756,IBS
1365,HG01777,IBS
1366,HG01784,IBS
1367,HG01789,GBR
1368,HG01953,PEL
1369,HG01791,GBR
1370,HG01958,ACB
1371,HG01796,CDX
1372,HG01974,PEL
1373,HG01965,PEL
1374,HG01979,PEL
1375,HG01977,PEL
1376,HG01986,ACB
1377,HG01989,ACB
1378,HG01892,PEL
1379,HG01927,PEL
1380,HG01912,ACB
1381,HG01917,PEL
1382,HG01939,PEL
1383,HG01924,PEL
1384,HG01941,PEL
1385,HG01866,KHV
1386,HG01864,KHV
1387,HG01873,KHV
1388,HG01869,KHV
1389,HG01878,KHV
1390,HG01871,KHV
1391,HG01880,ACB
1392,HG01883,ACB
1393,HG01885,ACB
1394,HG02019,KHV
1395,HG01948,PEL
1396,HG01950,PEL
1397,HG02026,KHV
1399,HG02040,KHV
1400,HG00158,GBR
1401,HG01967,PEL
1402,HG00160,GBR
1403,HG01936,PEL
1404,HG01890,ACB
1405,HG00177,FIN
1406,HG00189,FIN
1407,HG01842,KHV
1408,HG01915,ACB
1409,HG00235,GBR
1410,HG01847,KHV
1411,HG01991,PEL
1412,HG00242,GBR
1413,HG01859,KHV
1414,HG02002,PEL
1416,HG01861,KHV
1417,HG02014,ACB
1418,HG00254,GBR
1419,HG01804,CDX
1420,HG01840,KHV
1421,HG00259,GBR
1422,HG01809,CDX
1423,HG01845,KHV
1424,HG00261,GBR
1425,HG01811,CDX
1426,HG01852,KHV
1427,HG00266,FIN
1428,HG01816,CDX
1429,HG01857,KHV
1430,HG00273,FIN
1431,HG02282,ACB
1432,HG01794,CDX
1433,HG00278,FIN
1434,HG01799,CDX
1435,HG00280,FIN
1436,HG02299,PEL
1437,HG01802,CDX
1438,HG00285,FIN
1439,HG01807,CDX
1440,HG00103,GBR
1441,HG02307,ACB
1442,HG02076,KHV
1443,HG00108,GBR
1444,HG02143,ACB
1445,HG00110,GBR
1446,HG02088,KHV
1447,HG00115,GBR
1448,HG02150,PEL
1449,HG02090,PEL
1450,HG00122,GBR
1451,HG02155,CDX
1452,HG02095,ACB
1453,HG00127,GBR
1454,HG02028,KHV
1455,HG02278,PEL
1456,HG00134,GBR
1457,HG00139,GBR
1458,HG02035,KHV
1459,HG02285,PEL
1460,HG00141,GBR
1461,HG02047,KHV
1462,HG02292,PEL
1463,HG00146,GBR
1464,HG02054,ACB
1465,HG00312,FIN
1466,HG02139,KHV
1467,HG00324,FIN
1468,HG02061,KHV
1469,HG02141,KHV
1470,HG00329,FIN
1471,HG02073,KHV
1472,HG02146,PEL
1473,HG00331,FIN
1474,HG02078,KHV
1475,HG02153,CDX
1476,HG00336,FIN
1477,HG02179,CDX
1478,HG02052,ACB
1479,HG00343,FIN
1480,HG02181,CDX
1481,HG02057,KHV
1482,HG00350,FIN
1483,HG02186,CDX
1484,HG02064,KHV
1485,HG00355,FIN
1487,HG02069,KHV
1488,HG00362,FIN
1489,HG02220,IBS
1490,HG00367,FIN
1491,HG00475,CHS
1492,HG02085,KHV
1493,HG02259,PEL
1494,HG02105,PEL
1495,HG02266,PEL
1496,HG02131,KHV
1497,HG00533,CHS
1498,HG02136,KHV
1499,HG02108,ACB
1500,HG02122,KHV
1501,HG02232,IBS
1502,HG02127,KHV
1503,HG00557,CHS
1504,HG02134,KHV
1505,HG00583,CHS
1506,HG02256,ACB
1507,HG02312,PEL
1508,HG00379,FIN
1509,HG02275,PEL
1510,HG02317,ACB
1511,HG00381,FIN
1512,HG02343,ACB
1513,HG00406,CHS
1514,HG02223,IBS
1516,HG02624,GWD
1517,HG02230,IBS
1518,HG02629,GWD
1519,HG02235,IBS
1520,HG00437,CHS
1521,HG02165,CDX
1522,HG02643,GWD
1523,HG02184,CDX
1524,HG00449,CHS
1525,HG02648,PJL
1527,HG00451,CHS
1528,HG00463,CHS
1529,HG02655,PJL
1530,HG02691,PJL
1531,HG02696,PJL
1532,HG00641,PUR
1533,HG02561,GWD
1534,HG00653,CHS
1535,HG02573,GWD
1536,HG02716,GWD
1537,HG02580,ACB
1538,HG00672,CHS
1539,HG02585,GWD
1540,HG02728,PJL
1541,HG00684,CHS
1542,HG02597,PJL
1543,HG02603,PJL
1544,HG00689,CHS
1545,HG02600,PJL
1546,HG02610,GWD
1547,HG00867,CDX
1548,HG02667,GWD
1549,HG00879,CDX
1550,HG02679,GWD
1551,HG02634,GWD
1552,HG00881,CDX
1553,HG02681,PJL
1554,HG02646,GWD
1555,HG00956,CDX
1556,HG02557,ACB
1557,HG00982,CDX
1559,HG01029,CDX
1560,HG02427,ACB
1561,HG02571,GWD
1562,HG01031,CDX
1563,HG02439,ACB
1564,HG02583,GWD
1565,HG01048,PUR
1566,HG02465,GWD
1567,HG02588,GWD
1568,HG02477,ACB
1569,HG01055,PUR
1570,HG02484,ACB
1571,HG02595,GWD
1572,HG02489,ACB
1573,HG02420,ACB
1574,HG00704,CHS
1575,HG02491,PJL
1576,HG02425,PEL
1577,HG02496,ACB
1578,HG02449,ACB
1580,HG02511,ACB
1581,HG00728,CHS
1582,HG02348,PEL
1583,HG02554,ACB
1584,HG02355,CDX
1585,HG00742,PUR
1587,HG02367,CDX
1588,HG00759,CDX
1589,HG02390,CDX
1590,HG02374,CDX
1591,HG00766,CDX
1592,HG02395,CDX
1593,HG02379,CDX
1594,HG00590,CHS
1595,HG02408,CDX
1597,HG00595,CHS
1598,HG02410,CDX
1599,HG00608,CHS
1600,HG02314,ACB
1601,HG02658,PJL
1602,HG00610,CHS
1603,HG02660,PJL
1604,HG02345,PEL
1605,HG00622,CHS
1606,HG02364,CDX
1607,HG02684,PJL
1608,HG02371,CDX
1609,HG02502,ACB
1610,HG00634,CHS
1611,HG02383,CDX
1612,HG01170,PUR
1613,HG02819,GWD
1614,HG02521,KHV
1615,HG01182,PUR
1616,HG02545,ACB
1617,HG01187,PUR
1618,HG02840,GWD
1619,HG02470,ACB
1620,HG02852,GWD
1621,HG02494,PJL
1623,HG02386,CDX
1624,HG01257,CLM
1625,HG02398,CDX
1626,HG01067,PUR
1627,HG02401,CDX
1628,HG02888,GWD
1629,HG02406,CDX
1630,HG01079,PUR
1631,HG02890,GWD
1632,HG02895,GWD
1633,HG02792,PJL
1634,HG01086,PUR
1635,HG02922,ESN
1636,HG01098,PUR
1637,HG02805,GWD
1638,HG01101,PUR
1639,HG02977,ESN
1640,HG02817,GWD
1641,HG01113,CLM
1642,HG03007,BEB
1643,HG01125,CLM
1644,HG03019,PJL
1645,HG02759,GWD
1646,HG01137,CLM
1647,HG03021,PJL
1648,HG01149,CLM
1649,HG01168,PUR
1651,HG02778,PJL
1652,HG03040,GWD
1653,HG02780,PJL
1654,HG01334,GBR
1655,HG03045,GWD
1656,HG01341,CLM
1657,HG03052,MSL
1658,HG02982,GWD
1659,HG03057,MSL
1660,HG03012,BEB
1661,HG01353,CLM
1662,HG02737,PJL
1663,HG02756,GWD
1664,HG02836,GWD
1665,HG01360,CLM
1666,HG02763,GWD
1667,HG02855,GWD
1668,HG01365,CLM
1669,HG02768,GWD
1670,HG01372,CLM
1671,HG02879,GWD
1672,HG01377,CLM
1673,HG02775,PJL
1674,HG02881,GWD
1675,HG02787,PJL
1676,HG01531,IBS
1677,HG03024,GWD
1678,HG01536,IBS
1679,HG02799,GWD
1680,HG01550,CLM
1681,HG02807,GWD
1682,HG03048,GWD
1683,HG02814,GWD
1684,HG03064,MSL
1685,HG03055,MSL
1686,HG01586,PJL
1687,HG03069,MSL
1688,HG01435,CLM
1690,HG03088,MSL
1691,HG01447,CLM
1692,HG03095,MSL
1693,HG03118,ESN
1694,HG03120,ESN
1695,HG01459,CLM
1696,HG02941,ESN
1697,HG01461,CLM
1698,HG02946,ESN
1699,HG03132,ESN
1700,HG02953,ESN
1701,HG01593,PJL
1703,HG01598,KHV
1704,HG03074,MSL
1705,HG03079,MSL
1706,HG01606,IBS
1707,HG02725,PJL
1708,HG03081,MSL
1709,HG01613,IBS
1710,HG03103,ESN
1711,HG03086,MSL
1712,HG01384,CLM
1713,HG03108,ESN
1714,HG02944,ESN
1715,HG01389,CLM
1716,HG02968,ESN
1717,HG03115,ESN
1718,HG02970,ESN
1719,HG01396,PUR
1720,HG03247,GWD
1721,HG03461,MSL
1722,HG03259,GWD
1723,HG01269,CLM
1724,HG03473,MSL
1725,HG01271,CLM
1726,HG03280,ESN
1727,HG03478,MSL
1728,HG03196,ESN
1729,HG01303,PUR
1730,HG03209,MSL
1731,HG03485,MSL
1732,HG01308,PUR
1733,HG03228,PJL
1734,HG03240,GWD
1737,HG03235,PJL
1738,HG03271,ESN
1740,HG03432,MSL
1741,HG03295,ESN
1742,HG01485,CLM
1743,HG03437,MSL
1744,HG03303,ESN
1745,HG01492,CLM
1746,HG03449,MSL
1747,HG01497,CLM
1748,HG03451,MSL
1749,HG01500,IBS
1751,HG01618,IBS
1752,HG03343,ESN
1753,HG03163,ESN
1754,HG01620,IBS
1755,HG03168,ESN
1756,HG01625,IBS
1757,HG01632,IBS
1758,HG03367,ESN
1759,HG03175,ESN
1760,HG01668,IBS
1761,HG01670,IBS
1762,HG03199,ESN
1763,HG01675,IBS
1764,HG03127,ESN
1765,HG03202,ESN
1766,HG03238,PJL
1767,HG01512,IBS
1768,HG03139,ESN
1769,HG03517,ESN
1770,HG01524,IBS
1771,HG03297,ESN
1772,HG03428,MSL
1773,HG01815,CDX
1774,HG03300,ESN
1775,HG03442,MSL
1776,HG01841,KHV
1778,HG01846,KHV
1780,HG01853,KHV
1781,HG03160,ESN
1782,HG01858,KHV
1783,HG03172,ESN
1784,HG03372,ESN
1785,HG01860,KHV
1786,HG03189,ESN
1787,HG03391,MSL
1788,HG01771,IBS
1789,HG01776,IBS
1790,HG03393,MSL
1791,HG03644,STU
1792,HG01783,IBS
1793,HG03398,MSL
1794,HG03649,PJL
1795,HG01790,GBR
1796,HG03401,MSL
1797,HG01947,PEL
1799,HG01954,PEL
1800,HG03470,MSL
1801,HG03663,PJL
1802,HG03538,GWD
1803,HG03668,PJL
1804,HG01961,PEL
1805,HG01682,IBS
1806,HG03557,MSL
1808,HG03733,STU
1809,HG01694,IBS
1811,HG03738,STU
1812,HG01699,IBS
1813,HG03571,MSL
1814,HG03740,STU
1815,HG01702,IBS
1816,HG03745,STU
1817,HG01865,KHV
1818,HG03696,STU
1820,HG01872,KHV
1822,HG03709,PJL
1823,HG01923,PEL
1824,HG03711,STU
1825,HG03625,PJL
1826,HG03716,ITU
1828,HG01935,PEL
1830,HG03702,PJL
1831,HG01942,PEL
1832,HG03499,ESN
1833,HG01889,ACB
1834,HG03514,ESN
1835,HG03714,ITU
1836,HG03752,STU
1837,HG01896,ACB
1838,HG03521,ESN
1839,HG03757,STU
1841,HG01707,IBS
1842,HG03771,ITU
1843,HG01757,IBS
1844,HG03646,STU
1845,HG03653,PJL
1846,HG03788,ITU
1847,HG01795,CDX
1848,HG03660,PJL
1849,HG03790,ITU
1850,HG01808,CDX
1851,HG03754,STU
1852,HG01810,CDX
1854,HG01992,PEL
1855,HG03593,BEB
1856,HG01997,PEL
1857,HG03773,ITU
1858,HG03598,BEB
1859,HG02003,PEL
1860,HG03583,MSL
1861,HG03548,MSL
1862,HG02008,PEL
1863,HG03567,MSL
1864,HG02010,ACB
1865,HG03595,BEB
1867,HG03603,BEB
1868,HG03672,STU
1869,HG03687,STU
1870,HG02084,KHV
1871,HG03684,STU
1872,HG03694,STU
1873,HG02089,PEL
1874,HG03689,STU
1875,HG03973,ITU
1876,HG03691,STU
1877,HG03978,ITU
1878,HG02104,PEL
1879,HG03615,BEB
1880,HG03985,STU
1881,HG02111,ACB
1882,HG03634,PJL
1883,HG02116,KHV
1885,HG02128,KHV
1886,HG03730,ITU
1887,HG03911,BEB
1888,HG02130,KHV
1889,HG03742,ITU
1890,HG03916,BEB
1891,HG03999,STU
1892,HG03928,BEB
1893,HG02166,CDX
1894,HG04017,ITU
1895,HG03884,STU
1896,HG02173,CDX
1898,HG03896,STU
1899,HG02178,CDX
1900,HG04029,STU
1902,HG02180,CDX
1903,HG03803,BEB
1904,HG02185,CDX
1905,HG03808,BEB
1906,HG03886,STU
1907,HG03815,BEB
1908,HG02224,IBS
1909,HG03898,STU
1911,HG02231,IBS
1912,HG03848,STU
1913,HG02236,IBS
1914,HG03850,STU
1915,HG03947,STU
1916,HG02250,CDX
1917,HG03862,ITU
1918,HG02142,KHV
1919,HG03867,ITU
1920,HG03846,STU
1921,HG02147,PEL
1922,HG03874,ITU
1923,HG04003,STU
1924,HG02154,CDX
1925,HG03824,BEB
1926,HG04015,ITU
1927,HG01973,PEL
1928,HG03829,BEB
1929,HG04022,ITU
1930,HG04039,STU
1931,HG01980,PEL
1932,HG03836,STU
1934,HG01985,ACB
1935,HG03937,BEB
1937,HG02053,ACB
1938,HG03944,STU
1939,HG04060,ITU
1940,HG02058,KHV
1941,HG03949,STU
1942,HG03858,STU
1943,HG02060,KHV
1944,HG03951,STU
1945,HG03872,ITU
1946,HG02072,KHV
1948,HG03800,BEB
1949,NA12273,CEU
1951,HG03805,BEB
1952,HG02419,ACB
1953,HG03812,BEB
1954,HG02433,ACB
1955,HG03817,BEB
1956,HG02445,ACB
1957,NA12348,CEU
1958,HG02464,GWD
1959,HG03913,BEB
1960,HG02558,ACB
1961,HG03920,BEB
1962,NA12413,CEU
1963,HG03925,BEB
1964,NA12716,CEU
1965,HG02577,ACB
1966,HG03963,ITU
1967,NA12761,CEU
1968,HG03968,ITU
1969,HG02589,GWD
1971,NA12778,CEU
1972,HG03778,ITU
1973,NA12812,CEU
1974,HG03780,ITU
1975,HG02281,ACB
1976,HG03785,ITU
1977,NA12829,CEU
1978,HG02286,PEL
1979,HG03792,ITU
1980,NA12843,CEU
1981,NA12155,CEU
1982,NA12874,CEU
1983,HG02298,PEL
1984,NA12249,CEU
1985,HG02301,PEL
1986,NA12275,CEU
1987,HG04229,STU
1988,HG02471,ACB
1989,NA12282,CEU
1990,HG04301,GBR
1991,HG02476,ACB
1992,NA12287,CEU
1993,NA06985,CEU
1994,HG02490,PJL
1995,NA12340,CEU
1996,HG02318,ACB
1997,NA12383,CEU
1998,HG02325,ACB
1999,NA12489,CEU
2000,HG02332,ACB
2001,NA10851,CEU
2002,HG02337,ACB
2004,HG02508,ACB
2005,NA11830,CEU
2006,NA10847,CEU
2007,HG02522,KHV
2008,NA11892,CEU
2009,HG02541,ACB
2010,HG02546,ACB
2011,NA11931,CEU
2012,HG02351,CDX
2014,NA11840,CEU
2015,HG02356,CDX
2016,NA12004,CEU
2017,NA12045,CEU
2019,HG04238,ITU
2020,HG02375,CDX
2021,HG04303,GBR
2022,HG04173,BEB
2023,HG02382,CDX
2024,NA06994,CEU
2025,HG04180,BEB
2027,NA07000,CEU
2028,HG04185,BEB
2029,HG02394,CDX
2031,HG02399,CDX
2032,HG02402,CDX
2033,NA07048,CEU
2034,HG04200,ITU
2035,HG02407,CDX
2036,HG04212,ITU
2037,HG02255,ACB
2039,HG02262,PEL
2041,HG02274,PEL
2042,HG04194,BEB
2043,HG04159,BEB
2044,HG02604,PJL
2045,HG04161,BEB
2046,HG02611,GWD
2047,HG04202,ITU
2048,HG04096,ITU
2049,HG02623,GWD
2050,HG04214,ITU
2052,HG02628,GWD
2053,HG04219,ITU
2055,HG04093,ITU
2056,NA18555,CHB
2057,HG02635,GWD
2058,HG04098,ITU
2059,NA18562,CHB
2060,HG02642,GWD
2061,HG04106,STU
2062,NA18567,CHB
2063,HG04118,ITU
2064,NA18574,CHB
2067,NA18579,CHB
2068,HG02786,PJL
2070,NA18593,CHB
2071,HG02793,PJL
2073,NA18606,CHB
2074,HG02798,GWD
2075,HG04062,ITU
2076,NA18613,CHB
2077,NA18618,CHB
2078,HG02813,GWD
2079,HG04144,BEB
2080,NA18620,CHB
2082,NA18625,CHB
2083,HG02971,ESN
2084,NA18632,CHB
2085,HG02976,ESN
2086,HG04156,BEB
2087,NA18637,CHB
2088,HG02983,GWD
2089,NA18644,CHB
2090,HG03006,BEB
2091,HG04182,BEB
2092,NA18740,CHB
2093,HG03018,PJL
2094,NA18745,CHB
2095,HG02654,PJL
2096,NA18538,CHB
2097,NA18757,CHB
2098,NA18545,CHB
2100,HG02661,PJL
2101,NA18552,CHB
2102,NA18853,YRI
2103,HG02666,GWD
2104,NA18557,CHB
2105,NA18916,YRI
2106,HG02678,GWD
2107,NA18564,CHB
2108,NA18923,YRI
2109,NA18571,CHB
2110,HG02685,PJL
2111,NA18576,CHB
2112,NA18595,CHB
2113,NA18942,JPT
2114,HG02697,PJL
2115,NA18603,CHB
2116,NA18947,JPT
2117,HG02700,PJL
2118,NA18608,CHB
2119,NA18954,JPT
2120,NA18610,CHB
2121,NA18959,JPT
2122,HG02724,PJL
2123,NA18615,CHB
2124,NA18961,JPT
2125,NA18622,CHB
2126,NA18966,JPT
2127,HG02731,PJL
2128,NA18627,CHB
2129,NA18973,JPT
2130,HG02736,PJL
2131,NA18634,CHB
2132,NA18978,JPT
2134,NA18639,CHB
2135,HG02774,PJL
2136,NA18641,CHB
2137,NA19058,JPT
2138,NA18646,CHB
2139,NA19060,JPT
2140,HG02820,GWD
2141,NA18747,CHB
2142,NA19065,JPT
2143,HG02837,GWD
2144,NA19031,LWK
2145,NA19072,JPT
2146,HG02851,GWD
2147,NA19036,LWK
2148,NA19077,JPT
2149,NA19043,LWK
2150,NA19084,JPT
2151,HG02870,GWD
2152,NA19055,JPT
2153,NA19089,JPT
2154,HG02882,GWD
2155,NA19062,JPT
2156,NA19091,JPT
2157,HG02887,GWD
2158,NA19067,JPT
2159,NA19096,YRI
2160,HG03025,GWD
2161,NA19074,JPT
2162,HG03049,GWD
2163,NA19079,JPT
2164,NA19081,JPT
2165,HG02938,ESN
2166,NA19086,JPT
2167,NA19093,YRI
2168,NA18505,YRI
2169,HG02952,ESN
2170,NA19098,YRI
2171,NA18517,YRI
2173,NA12890,CEU
2174,NA18531,CHB
2176,NA18536,CHB
2177,NA18499,YRI
2178,NA18543,CHB
2179,HG03241,GWD
2180,NA18502,YRI
2181,NA18548,CHB
2182,HG03246,GWD
2183,NA18507,YRI
2184,NA18550,CHB
2185,HG03258,GWD
2186,NA18519,YRI
2187,NA19116,YRI
2188,HG03265,ESN
2189,NA18526,CHB
2190,NA18533,CHB
2191,NA19130,YRI
2192,HG03291,ESN
2193,NA18968,JPT
2194,HG03342,ESN
2195,NA18970,JPT
2196,NA19147,YRI
2197,HG03354,ESN
2198,NA18975,JPT
2200,NA18982,JPT
2201,NA19159,YRI
2202,HG03366,ESN
2203,NA18987,JPT
2205,NA18994,JPT
2206,NA18999,JPT
2207,HG03169,ESN
2208,NA19000,JPT
2209,NA18858,YRI
2210,HG03171,ESN
2211,NA19005,JPT
2212,NA19012,JPT
2213,NA18865,YRI
2214,HG03190,ESN
2215,NA19017,LWK
2216,HG03121,ESN
2217,NA19024,LWK
2218,NA18877,YRI
2219,HG03126,ESN
2220,NA12718,CEU
2221,NA18909,YRI
2222,HG03133,ESN
2223,NA12749,CEU
2224,NA12751,CEU
2225,NA19248,YRI
2226,HG03157,ESN
2227,NA12763,CEU
2229,NA12775,CEU
2230,NA19318,LWK
2231,HG03304,ESN
2232,NA19320,LWK
2234,NA12814,CEU
2235,NA19332,LWK
2236,HG03311,ESN
2237,NA19351,LWK
2238,HG03195,ESN
2239,NA18879,YRI
2240,NA19375,LWK
2241,NA18881,YRI
2242,NA18980,JPT
2243,HG03234,PJL
2244,NA18985,JPT
2245,HG03099,ESN
2246,NA18992,JPT
2247,NA18997,JPT
2248,HG03114,ESN
2249,NA18944,JPT
2250,NA19003,JPT
2251,NA18949,JPT
2252,NA19010,JPT
2253,HG03378,MSL
2254,NA18951,JPT
2255,NA19027,LWK
2256,HG03380,MSL
2257,NA18956,JPT
2258,NA19041,LWK
2259,HG03385,MSL
2260,NA18963,JPT
2261,NA19185,YRI
2262,HG03397,MSL
2263,NA19197,YRI
2264,HG03063,MSL
2265,NA19113,YRI
2266,NA19200,YRI
2267,HG03082,MSL
2268,NA19118,YRI
2270,NA19236,YRI
2271,NA19137,YRI
2272,NA20517,TSI
2273,HG03518,ESN
2274,NA19144,YRI
2275,NA20524,TSI
2276,HG03520,ESN
2277,NA19149,YRI
2278,NA20529,TSI
2279,HG03607,BEB
2280,NA20531,TSI
2281,HG03619,PJL
2282,NA19175,YRI
2283,NA20536,TSI
2285,NA20543,TSI
2286,NA20581,TSI
2288,NA19207,YRI
2289,NA20586,TSI
2290,NA19214,YRI
2291,NA20752,TSI
2292,NA20757,TSI
2293,NA20764,TSI
2294,HG03690,STU
2295,NA18867,YRI
2296,NA20769,TSI
2297,HG03695,STU
2298,NA18874,YRI
2299,NA20771,TSI
2300,HG03640,PJL
2302,HG03645,STU
2303,NA19818,ASW
2304,HG03652,PJL
2305,NA19238,YRI
2307,NA19914,ASW
2309,NA19257,YRI
2310,NA19921,ASW
2311,NA19308,LWK
2312,HG03594,BEB
2313,NA19310,LWK
2314,NA20276,ASW
2315,NA19315,LWK
2316,NA20783,TSI
2317,NA19327,LWK
2318,NA20790,TSI
2319,HG03703,PJL
2320,NA19334,LWK
2321,NA20795,TSI
2322,HG03708,PJL
2323,NA20803,TSI
2324,NA20502,TSI
2325,NA20808,TSI
2327,NA20507,TSI
2328,NA20810,TSI
2329,HG03549,MSL
2330,NA20514,TSI
2331,NA20815,TSI
2332,HG03556,MSL
2333,NA20519,TSI
2334,NA20822,TSI
2335,HG03563,MSL
2336,NA20521,TSI
2337,NA20827,TSI
2338,HG03575,MSL
2340,NA20846,GIH
2341,HG03431,MSL
2342,NA20533,TSI
2343,NA20853,GIH
2344,HG03436,MSL
2345,NA20538,TSI
2347,NA20540,TSI
2348,NA19471,LWK
2349,HG03455,MSL
2350,NA20588,TSI
2351,NA19654,MXL
2352,HG03462,MSL
2353,NA20754,TSI
2354,NA20759,TSI
2355,NA19661,MXL
2356,HG03479,MSL
2357,NA19346,LWK
2358,NA19678,MXL
2359,HG03931,BEB
2360,NA19360,LWK
2361,HG03943,STU
2362,NA19372,LWK
2365,NA19377,LWK
2366,NA19700,ASW
2367,HG03950,STU
2368,NA19384,LWK
2369,HG03955,STU
2370,NA19391,LWK
2371,NA19712,ASW
2372,HG03823,BEB
2374,NA19717,MXL
2375,HG03830,BEB
2376,NA19404,LWK
2377,NA19428,LWK
2378,NA19729,MXL
2380,NA19430,LWK
2381,NA19731,MXL
2383,NA19435,LWK
2384,HG03753,STU
2385,NA19454,LWK
2386,NA19750,MXL
2387,HG03760,STU
2388,NA19461,LWK
2389,NA20339,ASW
2390,HG03765,PJL
2391,NA19466,LWK
2393,HG03772,ITU
2394,NA19473,LWK
2395,NA20346,ASW
2396,HG03722,ITU
2397,NA19625,ASW
2398,HG03727,ITU
2399,NA19649,MXL
2400,HG03741,STU
2401,NA19651,MXL
2402,NA20505,TSI
2403,HG03746,STU
2404,NA20512,TSI
2405,HG03777,ITU
2406,NA19663,MXL
2408,HG03784,ITU
2409,NA19670,MXL
2410,NA19394,LWK
2411,HG03789,ITU
2412,NA19788,MXL
2413,NA19399,LWK
2414,HG03796,BEB
2415,NA19438,LWK
2416,NA19795,MXL
2417,NA19440,LWK
2418,HG03809,BEB
2419,NA19834,ASW
2420,NA19445,LWK
2422,NA19904,ASW
2423,NA19452,LWK
2424,NA19909,ASW
2425,NA19457,LWK
2426,HG03905,BEB
2427,NA19916,ASW
2428,NA19755,MXL
2429,HG03917,BEB
2430,NA19923,ASW
2431,NA19762,MXL
2433,NA19774,MXL
2435,NA20127,ASW
2436,NA19779,MXL
2437,HG03885,STU
2439,HG03897,STU
2440,NA19682,MXL
2441,NA19786,MXL
2442,HG03900,STU
2443,HG03854,STU
2444,NA19707,ASW
2445,HG03861,ITU
2446,HG03866,ITU
2447,NA19719,MXL
2449,HG03873,ITU
2450,NA20334,ASW
2451,NA19726,MXL
2452,NA21142,GIH
2453,NA07357,CEU
2454,NA19740,MXL
2455,NA19752,MXL
2456,NA19764,MXL
2457,HG04302,GBR
2458,NA19771,MXL
2459,NA06986,CEU
2460,NA19776,MXL
2461,NA19783,MXL
2462,HG04042,STU
2463,NA20278,ASW
2464,HG04047,STU
2465,HG04054,ITU
2466,HG04059,ITU
2467,NA20904,GIH
2468,HG04061,ITU
2469,HG04080,ITU
2470,NA20911,GIH
2471,NA20317,ASW
2472,NA21089,GIH
2475,NA21091,GIH
2476,HG04155,BEB
2477,NA20884,GIH
2478,HG04162,BEB
2479,NA20348,ASW
2480,NA20889,GIH
2482,NA20891,GIH
2483,NA20355,ASW
2484,NA20896,GIH
2485,HG04186,BEB
2486,NA20362,ASW
2487,NA21116,GIH
2488,NA20761,TSI
2489,NA21123,GIH
2490,HG04100,STU
2491,NA20766,TSI
2492,NA21128,GIH
2493,HG04131,BEB
2494,NA20773,TSI
2495,NA21130,GIH
2496,NA20778,TSI
2497,NA21135,GIH
2498,HG04198,ITU
2499,NA20785,TSI
2500,NA20858,GIH
2501,HG04206,ITU
2502,NA20792,TSI
2503,NA20872,GIH
2504,HG04225,ITU
2505,NA20797,TSI
2506,NA20877,GIH
2507,HG03967,ITU
2508,NA20800,TSI
2509,NA21104,GIH
2510,HG03974,ITU
2511,NA20805,TSI
2512,NA21109,GIH
2513,HG03986,STU
2514,NA20812,TSI
2515,NA21111,GIH
2516,HG03998,STU
2517,NA20829,TSI
2518,HG04023,ITU
2519,NA20831,TSI
2520,HG04035,STU
2521,NA21137,GIH
2522,NA18486,YRI
2523,NA21144,GIH
2525,NA18501,YRI
2526,NA20874,GIH
2527,NA18520,YRI
2528,NA18525,CHB
2529,NA20881,GIH
2530,NA18532,CHB
2531,NA20886,GIH
2532,NA18537,CHB
2534,NA18544,CHB
2536,NA18549,CHB
2537,NA20901,GIH
2538,NA18563,CHB
2539,NA20906,GIH
2540,NA18570,CHB
2541,NA21086,GIH
2542,NA18582,CHB
2543,NA18599,CHB
2544,NA18602,CHB
2545,NA18614,CHB
2546,NA18619,CHB
2547,NA18621,CHB
2548,NA21113,GIH
2549,NA18626,CHB
2550,NA21118,GIH
2551,NA18633,CHB
2552,NA21120,GIH
2553,NA18638,CHB
2554,NA21125,GIH
2555,NA18640,CHB
2556,NA21093,GIH
2557,NA18645,CHB
2558,NA21098,GIH
2559,NA18791,CHB
2560,NA21101,GIH
2561,NA18979,JPT
2562,NA21106,GIH
2563,NA18981,JPT
2564,NA20850,GIH
2565,NA18986,JPT
2566,NA20862,GIH
2567,NA18993,JPT
2568,NA20867,GIH
2569,NA18998,JPT
2570,NA19004,JPT
2571,NA19009,JPT
2572,NA19011,JPT
2573,NA19023,LWK
2574,NA19028,LWK
2575,NA19030,LWK
2576,NA19035,LWK
2577,NA19042,LWK
2578,NA19054,JPT
2579,NA19059,JPT
2580,NA19066,JPT
2581,NA19078,JPT
2582,NA19080,JPT
2583,NA19085,JPT
2584,NA19092,YRI
2585,NA12154,CEU
2586,NA12286,CEU
2587,NA12399,CEU
2588,NA12414,CEU
2589,NA12546,CEU
2590,NA12717,CEU
2591,NA12748,CEU
2592,NA12750,CEU
2593,NA12762,CEU
2594,NA12813,CEU
2595,NA18912,YRI
2596,NA18917,YRI
2597,NA18924,YRI
2598,NA18943,JPT
2599,NA18948,JPT
2600,NA18950,JPT
2601,NA18955,JPT
2602,NA18962,JPT
2603,NA18967,JPT
2604,NA18974,JPT
2605,NA11930,CEU
2606,NA11992,CEU
2607,NA12003,CEU
2608,NA12046,CEU
2609,NA12058,CEU
2610,NA18861,YRI
2611,NA18873,YRI
2612,NA18878,YRI
2613,NA19472,LWK
2614,NA19648,MXL
2615,NA19655,MXL
2616,NA19679,MXL
2617,NA19681,MXL
2618,NA19256,YRI
2619,NA19307,LWK
2620,NA19314,LWK
2621,NA19319,LWK
2622,NA19321,LWK
2623,NA19338,LWK
2624,NA19371,LWK
2625,NA19376,LWK
2626,NA19701,ASW
2627,NA19713,ASW
2628,NA19720,MXL
2629,NA19725,MXL
2630,NA19732,MXL
2632,NA19749,MXL
2633,NA19198,YRI
2634,NA19201,YRI
2635,NA19206,YRI
2636,NA19213,YRI
2637,NA19225,YRI
2638,NA19383,LWK
2639,NA19390,LWK
2640,NA19395,LWK
2641,NA19403,LWK
2642,NA19434,LWK
2643,NA19439,LWK
2644,NA19446,LWK
2646,NA19117,YRI
2647,NA19129,YRI
2648,NA19131,YRI
2649,NA19143,YRI
2651,NA19756,MXL
2652,NA19770,MXL
2653,NA19782,MXL
2654,NA19794,MXL
2655,NA19819,ASW
2656,NA19908,ASW
2657,NA19922,ASW
2658,NA19984,ASW
2659,NA20126,ASW
2660,NA20289,ASW
2661,NA20291,ASW
2662,NA20296,ASW
2663,NA20513,TSI
2664,NA20518,TSI
2665,NA20520,TSI
2666,NA20525,TSI
2667,NA20532,TSI
2668,NA20537,TSI
2669,NA20544,TSI
2670,NA20582,TSI
2671,NA20587,TSI
2672,NA20753,TSI
2673,NA20758,TSI
2674,NA20760,TSI
2675,NA20765,TSI
2676,NA20772,TSI
2677,NA21143,GIH
2678,NA20796,TSI
2679,NA20804,TSI
2680,NA20809,TSI
2681,NA20811,TSI
2682,NA20816,TSI
2683,NA20828,TSI
2684,NA20847,GIH
2685,NA20854,GIH
2686,NA20342,ASW
2687,NA20359,ASW
2689,NA20412,ASW
2690,NA20506,TSI
2691,NA20859,GIH
2692,NA20861,GIH
2693,NA20866,GIH
2694,NA20873,GIH
2695,NA20878,GIH
2696,NA20885,GIH
2697,NA20892,GIH
2698,NA20897,GIH
2699,NA21097,GIH
2700,NA21100,GIH
2701,NA21105,GIH
2702,NA21112,GIH
2703,NA20900,GIH
2704,NA20905,GIH
2705,NA21092,GIH
2706,NA21117,GIH
2707,NA21124,GIH
2708,NA21129,GIH
